originating_system_id,dc:title,dcterms:alternative,dc:relation,compoundrelationship,group_id,collection_id,dc:type,mms_id,file_name_1,dc:identifier,dcterms:identifier.dcterms:URI,dc:creator,dc:contributor,dcterms:tableOfContents,dc:subject,dcterms:subject.dcterms:LCSH,dc:description,dcterms:provenance,dcterms:bibliographicCitation,dcterms:abstract,dcterms:publisher,dc:date,dcterms:created,dcterms:issued,dcterms:dateSubmitted,dcterms:dateAccepted,dc:format,dcterms:extent,dcterms:medium,dcterms:format.dcterms:IMT,dcterms:type.dcterms:DCMIType,dc:language,dcterms:isPartOf,dc:coverage,dcterms:spatial,dcterms:spatial.dcterms:Point,dcterms:temporal,dc:rights,dc:source,bib custom field,rep_label,rep_public_note,rep_access_rights,rep_usage_type,rep_library,rep_note,rep_custom field,file_label_1,file_name_2,file_label_2,googlesheetsource,dginfo,oldalttitle
grinnell:19965,"Students and New Sign, 2004",,,,,,image,991011588278504641,,grinnell:19965,,,,,Students | Campus,,Students pose next to the new Grinnell College sign. The two students on the far left might be members of the class of 2008.,Office of Communications,,,,2004,,,,,photograph,1 photograph,,,,,,,,,,,,,,,,,,,,,,,,,
grinnell:20169,College Choir,,,,,,image,991011588532104641,,grinnell:20169,,,,,Students | Music | Choir,,"Top row/left to right: unknown, Paul Legen, Dun Ehulich '14, Professor Ramsey, Aaron Barker, and unknown. Second row/left to right: Erik Jarvis, Max Herzberg , unknown, Phil Sletten, Sam '11 [unknown last name] Third row/left to right: Laura Lockwood , unknown, Mark Mercier '11, unknown, and Anne Damtoft '12?. Fourth row/left to right: unknown, Ben Tape, Desaun Peters, Tayler Chicoihe, unknown. Fifth row/left to right: Kathleen Murphy Geiss, Kayle [last name unknown], Katie In, unknown, and Deborah Burice. Sixth row/left to right:Kathryn Walder '12, Ayla '13 [last name unknown], Becca Pred-Sosa, Sarah Goff, Iris Youhg '13, unknown. Bottom row/left to right: Miltan Garcia, unknown, unknown, Jackie Ernst, Sophie Fajardo '12, and Joe Veneziano of the College Choir.",Office of Communications,,,,,,,,,photograph,1 photograph,,,,,,,,,,,,,,,,,,,,,,,,,
grinnell:20170,"Commencement, 2010, Photograph 1 ",,"Commencement, 2010",,,,image,991011588531804641,,grinnell:20170,,,,,Commencement | Graduation | Students,,Students posing for a photograph at the 2010 Commencement. Lyda Robb (Right).,Office of Communications,,,,,2010-05-24,,,,photograph,1 photograph,,,,,,,,,,,,,,,,,,,,,,,,,
grinnell:20171,"Commencement, 2010, Photograph 2",,"Commencement, 2010",,,,image,991011588531104641,,grinnell:20171,,,,,Commencement | Graduation | Students,,Two students posing for a photo at the 2010 Commencement.,Office of Communications,,,,,2010-05-24,,,,photograph,1 photograph,,,,,,,,,,,,,,,,,,,,,,,,,
grinnell:20173,"Commencement, 2010, Photograph 4",,"Commencement, 2010",,,,image,991011588529804641,,grinnell:20173,,,,,Commencement | Graduation | Students,,"Three students pose for a photo at the 2010 Commencement. Left to right: Curtis McCoy, Mike Dyle, Unknown.",Office of Communications,,,,,2010-05-24,,,,photograph,1 photograph,,,,,,,,,,,,,,,,,,,,,,,,,
grinnell:20175,"GC Sustainability Class, 2010, Photograph 2",,,,,,image,991011588528604641,,grinnell:20175,,,,,Academics | Classroom | Sustainability,,Grinnell College Sustainability Class in 2010. Taught by Professor Jon Andelson. Maddie Hart-Anderson (Left).,Office of Communications,,,,2010,,,,,photograph,1 photograph,,,,,,,,,,,,,,,,,,,,,,,,,
grinnell:20181,"Theatre 2009-2010, Photograph 1 ",,,,,,image,991011588524704641,,grinnell:20181,,,,,Students | Theatre,,Students performing in a play about Galileo. Eamon Anderson (left) and Ben Finkelstein (Right).,Office of Communications,,,,2009-2010,,,,,photograph,1 photograph,,,,,,,,,,,,,,,,,,,,,,,,,
grinnell:23576,"Commencement, 2008, Photograph 5",,,,,,image,991011588521304641,,grinnell:23576,,,,,Commencement,,Andrew Polta at the 2008 Commencement. ,Office of Communications,,,,,,,,,photograph,1 photograph,,,,,,,,,,,,,,,,,,,,,,,,,
grinnell:26855,Noyce Building Dedication,,,,,,image,991011588486104641,,grinnell:26855,,Fandel?,,,Noyce Science Center | Students,,Students perform at dedication of Noyce Science Center.,Office of Communications,,,,2008,,,,,photograph,1 photograph,,,,,,,,,,,,,,,,,,,,,,,,,
grinnell:26866,"Students on Campus, Photograph 2",,,,,,image,991011588485204641,,grinnell:26866,,,,,Student Life | Campus,,Students walking on campus on a snowy day.,Office of Communications,,,,2008,,,,,photograph,1 photograph,,,,,,,,,,,,,,,,,,,,,,,,,
grinnell:29688,"Medallion Ceremony, 2007, Photograph 1 ",,,,,,image,991011588497404641,,grinnell:29688,,Sarah Delong,,,New Student Days | Medallion Ceremony,,"The 2007 Medallion Ceremony. Left to right: Yoji Konno, class of 2009 ; Unknown; Kim Gilbert (Library Assistant), class of 1982.",Office of Communications,,,,2007,,,,,photograph,1 photograph,,,,,,,,,,,,,,,,,,,,,,,,,
grinnell:34431,Grinnell College Basketball Teams,,,,,,image,991011589540004641,,grinnell:34431,,,,,Athletics | Basketball | The Bear,,"Men's and women's basketball teams in the Bear Athletic Center. Second to left in the front row is Jack Taylor, class of 2013.",Office of Communications,,,,2011,,,,,photograph,1 photograph,,,,,,,,,,,,,,,,,,,,,,,,,
grinnell:34445,"Women's Softball Team, 2011",,,,,,image,991011589538704641,,grinnell:34445,,,,,Athletics | Softball,,"Women's Softball team posing with their coach. Front row, left to right: Christina Colver '13, Jessica Menary '13.",Office of Communications,,,,2011,,,,,photograph,1 photograph,,,,,,,,,,,,,,,,,,,,,,,,,
grinnell:34536,"Holi Celebration, 2008, Photograph 4",,,,,,image,991011589525904641,,grinnell:34536,,,,,Campus | Holidays | Holi | Student Life,,Three students celebrate Holi. Mrinalini Watsa on the left.,Office of Communications,,,,2008,,,,,photograph,1 photograph,,,,,,,,,,,,,,,,,,,,,,,,,
grinnell:35172,"Challah Workshop, 2009, Photograph 1 ",,,,,,image,991011589633804641,,grinnell:35172,,,,,Chalutzim | Student Groups | Jewish | Student Life,,"Challah bread making workshop. Left to right: Kate Randall, class of 2008; unknown; Sophie; Vicki Foss, class of 2008.",Office of Communications,,,,2009,,,,,photograph,1 photograph,,,,,,,,,,,,,,,,,,,,,,,,,
grinnell:35176,"Students, Photograph 2",,,,,,image,991011589632104641,,grinnell:35176,,,,,Students | Student Life,,"A group of students pose for a photo. Left to right: Ebony Jacobs, class of 2009; Daria Slick (Staff), Tiffany Au.",Office of Communications,,,,2009,,,,,photograph,1 photograph,,,,,,,,,,,,,,,,,,,,,,,,,
grinnell:35194,Chinese Opera,,,,,,image,991011589624404641,,grinnell:35194,,,,,Students | Opera | Theatre,,Students with makeup done for the Chinese Opera. Ben Finkelstein (top left).,Office of Communications,,,,2008,,,,,photograph,1 photograph,,,,,,,,,,,,,,,,,,,,,,,,,
grinnell:35195,"Holi Celebration, 2012 [008]",,,,,,image,991011589623904641,grinnell35195.jpg,grinnell:35195,,,,,Student Life | Holi | Holidays,,"Students celebrate Holi. The student being held up by the others is Harpreet Singh, class of 2012.",Office of Communications,,,,2012,,,,,photograph,1 photograph,,,,,,,,,,,,,,,,,,,,,,,,,
grinnell:35196,"ISO Cultural Evening, 2012, Photograph 1",,,,,,image,991011589623404641,grinnell35196.jpg,grinnell:35196,,,,,ISO | Student Life ,,"ISO Cultural Evening. Left to Right: Unknown; Unknown; Unknown; Evan Paul, class of 2012; Unknown.",Office of Communications,,,,2012,,,,,photograph,1 photograph,,,,,,,,,,,,,,,,,,,,,,,,,
grinnell:35198,"ISO Cultural Evening, 2012, Photograph 2",,,,,,image,991011589622704641,grinnell35198.jpg,grinnell:35198,,,,,ISO | Student Life ,,ISO Cultural Evening. ,Office of Communications,,,,2012,,,,,photograph,1 photograph,,,,,,,,,,,,,,,,,,,,,,,,,
grinnell:5693,"Spring Registration, 1971",,,,,,image,991011589506004641,grinnell_5693_OBJ.tif,grinnell:5693,,,,,Registration | Students,,Students sitting on bleachers in the gym during second semester course registration.,Office of Communications,,,,1971,,,,,photograph,1 photograph,,,,,,,,,,,,,,,,,,,,,,,,,
grinnell:5746,"New Student Day, 1971, Photograph 2",,,,,,image,991011589489004641,grinnell_10653_OBJ.tif,grinnell:5746,,,,,New Student Days | Students,,,Office of Communications,,,,1971,,,,,photograph,1 photograph,,,,,,,,,,,,,,,,,,,,,,,,,
grinnell:5746,"New Student Day, 1971, Photograph 3",,,,,,image,991011589489004641,grinnell_10654_OBJ.tif,grinnell:5746,,,,,New Student Days | Students,,,Office of Communications,,,,1971,,,,,photograph,1 photograph,,,,,,,,,,,,,,,,,,,,,,,,,
grinnell:4957,"Black Martyrs' Weekend (April 28-30, 1972), Photograph 1",,,,,,image,991011589488204641,grinnell_10556_OBJ.tif,grinnell:4957,,,,,Black Martyrs' Weekend | Black Expressions,,,Office of Communications,,,,April 1972,,,,,photograph, 1 photograph,,,,,,,,,,,,,,,,,,,,,,,,,
grinnell:4957,"Black Martyrs' Weekend (April 28-30, 1972), Photograph 2",,,,,,image,991011589488204641,grinnell_10557_OBJ.tif,grinnell:4957,,,,,Black Martyrs' Weekend | Black Expressions,,,Office of Communications,,,,April 1972,,,,,photograph, 1 photograph,,,,,,,,,,,,,,,,,,,,,,,,,
grinnell:4957,"Black Martyrs' Weekend (April 28-30, 1972), Photograph 4",,,,,,image,991011589488204641,grinnell_10559_OBJ.tif,grinnell:4957,,,,,Black Martyrs' Weekend | Black Expressions,,,Office of Communications,,,,April 1972,,,,,photograph, 1 photograph,,,,,,,,,,,,,,,,,,,,,,,,,
grinnell:4957,"Black Martyrs' Weekend (April 28-30, 1972), Photograph 5",,,,,,image,991011589488204641,grinnell_10560_OBJ.tif,grinnell:4957,,,,,Black Martyrs' Weekend | Black Expressions,,,Office of Communications,,,,April 1972,,,,,photograph, 1 photograph,,,,,,,,,,,,,,,,,,,,,,,,,
grinnell:4957,"Black Martyrs' Weekend (April 28-30, 1972), Photograph 7",,,,,,image,991011589488204641,grinnell_10562_OBJ.tif,grinnell:4957,,,,,Black Martyrs' Weekend | Black Expressions,,,Office of Communications,,,,April 1972,,,,,photograph, 1 photograph,,,,,,,,,,,,,,,,,,,,,,,,,
grinnell:4957,"Black Martyrs' Weekend (April 28-30, 1972), Photograph 8",,,,,,image,991011589488204641,grinnell_10563_OBJ.tif,grinnell:4957,,,,,Black Martyrs' Weekend | Black Expressions,,Students gathering in the forum. 3rd from right: Barry Huff,Office of Communications,,,,April 1972,,,,,photograph, 1 photograph,,,,,,,,,,,,,,,,,,,,,,,,,
grinnell:4957,"Black Martyrs' Weekend (April 28-30, 1972), Photograph 9",,,,,,image,991011589488204641,grinnell_10564_OBJ.tif,grinnell:4957,,,,,Black Martyrs' Weekend | Black Expressions,,,Office of Communications,,,,April 1972,,,,,photograph, 1 photograph,,,,,,,,,,,,,,,,,,,,,,,,,
grinnell:4957,"Black Martyrs' Weekend (April 28-30, 1972), Photograph 10",,,,,,image,991011589488204641,grinnell_10565_OBJ.tif,grinnell:4957,,,,,Black Martyrs' Weekend | Black Expressions,,Luther Allison Blues Band playing in the forum,Office of Communications,,,,April 1972,,,,,photograph, 1 photograph,,,,,,,,,,,,,,,,,,,,,,,,,
grinnell:4957,"Black Martyrs' Weekend (April 28-30, 1972), Photograph 11",,,,,,image,991011589488204641,grinnell_10566_OBJ.tif,grinnell:4957,,,,,Black Martyrs' Weekend | Black Expressions,,,Office of Communications,,,,April 1972,,,,,photograph, 1 photograph,,,,,,,,,,,,,,,,,,,,,,,,,
grinnell:4957,"Black Martyrs' Weekend (April 28-30, 1972), Photograph 12",,,,,,image,991011589488204641,grinnell_10567_OBJ.tif,grinnell:4957,,,,,Black Martyrs' Weekend | Black Expressions,,,Office of Communications,,,,April 1972,,,,,photograph, 1 photograph,,,,,,,,,,,,,,,,,,,,,,,,,
grinnell:20015,Badminton,,,,,,image,991011588524004641,grinnell_20015_OBJ.jpg,grinnell:20015,,,,,Athletics | Badminton,,"Students playing badminton in Darby Gym, Undated. Student on far left is Steve Mannheimer, class of 1972/",Office of Communications,,,,,,,,,photograph, 1 photograph,,,,,,,,,,,,,,,,,,,,,,,,,
grinnell:23657,"Spring Replays, 1972-1973",,,,,,image,991011588248704641,grinnell_23657_OBJ.tif,grinnell:23657,,,,,Relays | Students,,Students at Spring Relays. Beth Russell (Left).,Office of Communications,,,,1972-1973,,,,,photograph, 1 photograph,,,,,,,,,,,,,,,,,,,,,,,,,
grinnell:5309,"Students at Table in Forum, 1973",,,,,,image,991011589513904641,grinnell_5309_OBJ.tif,grinnell:5309,,,,,Forum | Student Life,,"Students studying in the Forum. Far right Michael A. Beye, class of 1973; far left Joseph F. Wall.",Office of Communications,,,,1973,,,,,photograph, 1 photograph,,,,,,,,,,,,,,,,,,,,,,,,,
grinnell:19886,"Students, 1973",,,,,,image,991011588544404641,grinnell_19886_OBJ.jpg,grinnell:19886,,,,,Classroom | Students,,Three students at desk. Left to right: unknown; unknown; Brett Schoendelmge (sp?).,Office of Communications,,,,1973,,,,,photograph, 1 photograph,,,,,,,,,,,,,,,,,,,,,,,,,
grinnell:19867,"Folk Dancing, 1973?",,,,,,image,991011588538204641,grinnell_19867_OBJ.jpg,grinnell:19867,,,,,Folk Dancing | Students | Student Activities | Dance,,"Folk dancing. Second from right: Ellen Bouma, class of 1974; third from right Ellen Rotsker; fith from right Joan Pomatane. ",Office of Communications,,,,1973?,,,,,photograph, 1 photograph,,,,,,,,,,,,,,,,,,,,,,,,,
grinnell:29839,"Student in the Forum, 1973",,,,,,image,991011588481204641,grinnell_29839_OBJ.tif,grinnell:29839,,"Henry, George T.",,,Studying | Forum,,"A student reads in a booth in the Forum Grill, May 3, 1973.",Office of Communications,,,,,1973-05-03,,,,photograph, 1 photograph,,,,,,,,,,,,,,,,,,,,,,,,,
grinnell:23647,"Forum, 1974",,,,,,image,991011588249604641,grinnell_23647_OBJ.tif,grinnell:23647,,,,,Students | Forum,,Two students talk in the Forum.,Office of Communications,,,,1974,,,,,photograph, 1 photograph,,,,,,,,,,,,,,,,,,,,,,,,,
grinnell:29838,"Student Outside Burling Library, 1974",,,,,,image,991011588481304641,grinnell_29838_OBJ..tif,grinnell:29838,,"Schultz, John F.",,,Students | Forum,,"A student sits on the balcony of Burling Library, May 3, 1974.",Office of Communications,,,,,1973-05-03,,,,photograph, 1 photograph,,,,,,,,,,,,,,,,,,,,,,,,,
grinnell:23648,"Registration, 1974",,,,,,image,991011588249504641,grinnell_23648_OBJ.tif,grinnell:23648,,,,,Registration | Students,,Two unidentified students smile during registration.,Office of Communications,,,,1974,,,,,photograph, 1 photograph,,,,,,,,,,,,,,,,,,,,,,,,,
grinnell:23650,"Shooting Pool, 1974",,,,,,image,991011588249304641,grinnell_23650_OBJ.tif,grinnell:23650,,,,,Students | Student Life,,Joanna Chuvgin plays pool.,Office of Communications,,,,1974,,,,,photograph, 1 photograph,,,,,,,,,,,,,,,,,,,,,,,,,
grinnell:34005,"Commencement, 1975, Photograph 8",,,,,,image,991011588833904641,grinnell_34005_OBJ.tif,grinnell:34005,,,,,Students | Commencement,,"Joanna Churgin (Left) and unidentified student (Right) during 1975 Commencement. Bonnie Gildin, class of 1975, is in the background on the left.",Office of Communications,,,,1975,,,,,photograph, 1 photograph,,,,,,,,,,,,,,,,,,,,,,,,,
grinnell:34007,"Commencement, 1975, Photograph 10",,,,,,image,991011588833704641,grinnell_34007_OBJ.tif,grinnell:34007,,,,,Students | Commencement,,"Students during 1975 Commencement ceremony. Henry James, class of 1975, is second from left.",Office of Communications,,,,1975,,,,,photograph, 1 photograph,,,,,,,,,,,,,,,,,,,,,,,,,
grinnell:34008,"Commencement, 1975, Photograph 11",,,,,,image,991011588833604641,grinnell_34008_OBJ.tif,grinnell:34008,,,,,Students | Commencement,,Terry Kottman (Left) and Charlotte Cubbage (Right) during 1975 commencement.,Office of Communications,,,,1975,,,,,photograph, 1 photograph,,,,,,,,,,,,,,,,,,,,,,,,,
grinnell:34010,"Commencement, 1975, Photograph 13",,,,,,image,991011588833404641,grinnell_340010_OBJ.tif,grinnell:34010,,,,,Students | Commencement,,"Jeanne Myerson, left, and Daniel Moss, class of 1975, right, Commencement, 1975.",Office of Communications,,,,1975,,,,,photograph, 1 photograph,,,,,,,,,,,,,,,,,,,,,,,,,
grinnell:34011,"Commencement, 1975, Photograph 14",,,,,,image,991011588833304641,grinnell_34011_OBJ.tif,grinnell:34011,,,,,Students | Commencement,,"Graduates during 1975 commencement. Howie Cohen, class of 1975, (Left); Speaking with Fran Cutler (Left).",Office of Communications,,,,1975,,,,,photograph, 1 photograph,,,,,,,,,,,,,,,,,,,,,,,,,
grinnell:34012,"Commencement, 1975, Photograph 15",,,,,,image,991011588833204641,grinnell_34012_OBJ.tif,grinnell:34012,,,,,Students | Commencement,,"Graduates during 1975 commencement. Possibly Franklin Stoller, class of 1975, in front turned away from camera.",Office of Communications,,,,1975,,,,,photograph, 1 photograph,,,,,,,,,,,,,,,,,,,,,,,,,
grinnell:5872,"New Student Day, 1980, Photograph 2",,,,,,image,991011589489904641,grinnell_10705_OBJ.tif,grinnell:5872,,,,,New Student Day,,Students speaking in the bookstore. Kim Keppler (Right),Office of Communications,,,,1980,,,,,photograph, 1 photograph,,,,,,,,,,,,,,,,,,,,,,,,,
grinnell:5872,"New Student Day, 1980, Photograph 4",,,,,,image,991011589489904641,grinnell_10707_OBJ.tif,grinnell:5872,,,,,New Student Day,,,Office of Communications,,,,1980,,,,,photograph, 1 photograph,,,,,,,,,,,,,,,,,,,,,,,,,
grinnell:5873,"New Student Day, 1981, Photograph 1",,,,,,image,991011589490804641,grinnell_10708_OBJ.tif,grinnell:5873,,,,,New Student Day,,Students playing baseball on Mac Field. Foreground right: Pete Hartsinger,Office of Communications,,,,1981,,,,,photograph, 1 photograph,,,,,,,,,,,,,,,,,,,,,,,,,
grinnell:5873,"New Student Day, 1981, Photograph 3",,,,,,image,991011589490804641,grinnell_10710_OBJ.tif,grinnell:5873,,,,,New Student Day,,"Students eating on top of a loggia. from left: Unknown, Karl Dukstein, Allison Hernandez",Office of Communications,,,,1981,,,,,photograph, 1 photograph,,,,,,,,,,,,,,,,,,,,,,,,,
grinnell:12934,"International Table, 1981",,,,,,image,991011588276104641,grinnell_12934_OBJ.tif,grinnell:12934,,,,,Students | International Students | Dining Hall| Cowles,,International students at the same table in Cowles Dining Hall. 3rd from right: Bomi Mistry. February 1981.,Office of Communications,,,,February 1981,,,,,photograph, 1 photograph,,,,,,,,,,,,,,,,,,,,,,,,,
grinnell:34374,"Student Life in Dorms, 1981, Photograph 1",,,,,,image,991011589637404641,grinnell_34374_OBJ.tif,grinnell:34374,,,,,Student Life | Dorms | Campus,,A student in their dormitory standing over their desk.,Office of Communications,,,,1981,,,,,photograph, 1 photograph,,,,,,,,,,,,,,,,,,,,,,,,,
grinnell:34376,"Student Life in Dorms, 1981, Photograph 3",,,,,,image,991011589636504641,grinnell_34376_OBJ.tif,grinnell:34376,,,,,Student Life | Dorms | Campus,,Two students spending time in a dormitory room.,Office of Communications,,,,1981,,,,,photograph, 1 photograph,,,,,,,,,,,,,,,,,,,,,,,,,
grinnell:26768,"French Class, 1982",,,,,,image,991011588844804641,grinnell_26768_OBJ.tif,grinnell:26768,,,,,Students | Classroom,,"Students in Professor Janice Berkowitz-Gross's French class, 1982. Front Row: Left to right, Karry Clark, Stepehen Chan. Girl in third row (between Karry and Stephen) is Laura Ohline, class of 1985.",Office of Communications,,,,1982,,,,,photograph, 1 photograph,,,,,,,,,,,,,,,,,,,,,,,,,
grinnell:5819,"Studying on Mac Field, 1982",,,,,,image,991011589498304641,grinnell_5819_OBJ.tif,grinnell:5819,,,,,MacEachron Field | North Campus,,"Studying under a tree on Mac Field, with North Campus dorms in background.",Office of Communications,,,,1982,,,,,photograph, 1 photograph,,,,,,,,,,,,,,,,,,,,,,,,,
grinnell:5738,"Grinnell Singers, 1983",,,,,,image,991011589613404641,grinnell_5738_OBJ.tif,grinnell:5738,,,,,Grinnell Singers,,"Grinnell Singers in Herrick Chapel. Front Row: Third from left Rich Thompson, Fifth from left James Allen. Middle right: david piston. Back Row: Third from left Chuck Platz. Fourth from left Amy Marshall. Sixth from left Karin Stein. Seventh from left Paul Firth.",Office of Communications,,,,1982,,,,,photograph, 1 photograph,,,,,,,,,,,,,,,,,,,,,,,,,
grinnell:5612,"GORP Kayaking Practice, 1983",,,,,,image,991011589511004641,grinnell_5612_OBJ.tif,grinnell:5612,,,,,GORP,,GORP kayaking practice in the pool.,Office of Communications,,,,1982,,,,,photograph, 1 photograph,,,,,,,,,,,,,,,,,,,,,,,,,
grinnell:26752,"Telethon Student Worker, 1983",,,,,,image,991011588246404641,grinnell_26752_OBJ.tif,grinnell:26752,,Jack Robertson,,,Students,,"A student talks on the phone during the Fall Telethon, November 1983.",Office of Communications,,,,November 1983,,,,,photograph, 1 photograph,,,,,,,,,,,,,,,,,,,,,,,,,
grinnell:26755,"Students at United Fund Carnival, 1983, Photograph 1",,,,,,image,991011588246104641,grinnell_26755_OBJ.tif,grinnell:26755,,Roger W. McMullin,,,Students,,"Two students sit outside at a table at the United Fund Carnival, September 24, 1983. Deanna Snyder (Left). Photograph taken by Roger W. McMullin",Office of Communications,,,,,1983-09-24,,,,photograph, 1 photograph,,,,,,,,,,,,,,,,,,,,,,,,,
grinnell:26756,"Poetry Reading at Susan Berne Bonine Memorial Terrace, 1983",,,,,,image,991011588246004641,grinnell_26756_OBJ.tif,grinnell:26756,,Jonathan Letchinger,,,Students,,"Five students sit outside at a poetry reading on the Susan Berne Bonine Memorial Terrace, September 1983. Left to right: Jabe Horton; Paula Nixon; Ellen Weinstock, class of 1985; Cathy [last name unknown]; Amy Wold Harcourt, class of 1985. Photograph taken by Jonathan Letchinger, class of 1987.",Office of Communications,,,,1983,,,,,photograph, 1 photograph,,,,,,,,,,,,,,,,,,,,,,,,,
grinnell:34385,"Student Life on Campus, 1983, Photograph 2",,,,,,image,991011589632304641,grinnell_34385_OBJ.tif,grinnell:34385,,,,,Student Life | Campus | Bookstore,,Two students posing in front of Gates Hall wearing Grinnell College logo shirts.,Office of Communications,,,,1983,,,,,photograph, 1 photograph,,,,,,,,,,,,,,,,,,,,,,,,,
grinnell:34387,"Student in Bookstore, 1983, Photograph 3",,,,,,image,991011589631304641,grinnell_34387_OBJ.tif,grinnell:34387,,,,,Student Life | Bookstore,,Student in the Bookstore holding up a Grinnell t-shirt.,Office of Communications,,,,1983,,,,,photograph, 1 photograph,,,,,,,,,,,,,,,,,,,,,,,,,
grinnell:5579,"Burling Library Student Worker, 1983",,,,,,image,991011589512704641,grinnell_5579_OBJ.tif,grinnell:5579,,,,,Burling Library ,,Photo of a student worker at her desk in Burling Library. Undated.,Office of Communications,,,,1983,,,,,photograph, 1 photograph,,,,,,,,,,,,,,,,,,,,,,,,,
grinnell:34359,"Students Wearing Grinnell Merchandise in front of Burling, 1983",,,,,,image,991011589643904641,grinnell_34359_OBJ.tif,grinnell:34359,,,,,Student Life | Burling,,Students posing in front of Burling Library.,Office of Communications,,,,1983,,,,,photograph, 1 photograph,,,,,,,,,,,,,,,,,,,,,,,,,
grinnell:34357,"Students Wearing Grinnell Merchandise, 1983",,,,,,image,991011589644704641,grinnell_34357_OBJ.tif,grinnell:34357,,,,,Student Life | Bookstore,,"Two Students outside, Lila Kimura (Right).",Office of Communications,,,,1983,,,,,photograph, 1 photograph,,,,,,,,,,,,,,,,,,,,,,,,,
grinnell:26772,"Students at United Fund Carnival, 1983, Photograph 2",,,,,,image,991011588844404641,grinnell_26772_OBJ.tif,grinnell:26772,, Roger W. McMullin,,,Students | Campus,,Four students outside at the United Fund Carnival. From left to right: Unknown; Channy Johnston; Dannielle Walker; Randall Cochnell. Photograph taken by Roger W. McMullin.,Office of Communications,,,,,1983-09-24,,,,photograph, 1 photograph,,,,,,,,,,,,,,,,,,,,,,,,,
grinnell:26769,"French Class, 1984",,,,,,image,991011588844704641,grinnell_26769_OBJ..tif,grinnell:26769,,,,,Students | Classroom,,"Students in Professor Janice Berkowitz-Gross's French class, 1984. From left: Anita Wripit; Rich Bohm; Jan Berkowitz-Gross; Carol Namkoong.",Office of Communications,,,,1984,,,,,photograph, 1 photograph,,,,,,,,,,,,,,,,,,,,,,,,,
grinnell:26746,"Winter Waltz, 1984",,,,,,image,991011588247004641,grinnell_26746_OBJ.tif,grinnell:26746,, Jack Robertson,,,Students | Dance,,"Students dance at Winter Waltz, December 2, 1984. Right to left: Unknown; Khulood Rahman, class of 1986. Photograph taken by Jack Robertson.",Office of Communications,,,,,1984-12-02,,,,photograph, 1 photograph,,,,,,,,,,,,,,,,,,,,,,,,,
grinnell:26742,"Waltz, 1984, Photograph 1",,,,,,image,991011588247404641,grinnell_26742_OBJ.tif,grinnell:26742,, Jack Robertson,,,Students | Dance,,"Students at a waltz, April 1984. Right to left: Unknown; Paul Hinson, class of 1988. Photograph taken by Jack Robertson.",Office of Communications,,,,1984,,,,,photograph, 1 photograph,,,,,,,,,,,,,,,,,,,,,,,,,
grinnell:26754,"The More Casserole Band, 1984",,,,,,image,991011588246204641,grinnell_26754_OBJ.tif,grinnell:26754,, Tony Margherita,,,Students | Concerts | Relays,,"The More Casserole Band performs at halftime, Rosenbloom Field, September 8, 1984. Photograph taken by Tony Margherita.",Office of Communications,,,,,1984-09-08,,,,photograph, 1 photograph,,,,,,,,,,,,,,,,,,,,,,,,,
grinnell:26750,"Telethon Student Workers, 1984",,,,,,image,991011588246604641,grinnell_26750_OBJ.tif,grinnell:26750,,Jack Robertson,,,Students,,"Students who worked the Telethon in the fall of 1984. Bottom Row: Second from left, Ken Jacobson, class of 1988. Middle Row: Michele Avolio, class of 1988; Unknown; Esther Yang?. Back Row: Second from right, Jen Sultz, class of 1988; Back Row: Far right, Lizanne Minerva. Photograph taken by Jack Robertson.",Office of Communications,,,,,1984-11-30,,,,photograph, 1 photograph,,,,,,,,,,,,,,,,,,,,,,,,,
grinnell:20113,"Sculpture Class, 1984",,,,,,image,991011588258504641,grinnell_20113_OBJ.jpg,grinnell:20113,,,,,Students | Art,,Student sculpts clay head.,Office of Communications,,,,1984,,,,,photograph, 1 photograph,,,,,,,,,,,,,,,,,,,,,,,,,
grinnell:5792,"Opera Workshop, 1984",,,,,,image,991011589502204641,grinnell_5792_OBJ.tif,grinnell:5792,,,,,Opera Workshop,,Opera workshop in a classroom. Second from left ia Amy Marshall.,Office of Communications,,,,1984,,,,,photograph, 1 photograph,,,,,,,,,,,,,,,,,,,,,,,,,
grinnell:5791,"The Grinnell Singers, 1984, Photograph 2",,,,,,image,991011589502504641,grinnell_5791_OBJ.tif,grinnell:5791,,,,,Grinnell Singers,,The Grinnell Singers in Herrick Chapel. Second row: Fourth from left Lawa Pemberton. Front row: Third from left Andy Hamilton; Fith from left Donnie Cotter.,Office of Communications,,,,1984,,,,,photograph, 1 photograph,,,,,,,,,,,,,,,,,,,,,,,,,
grinnell:26770,"Classroom Scene, 1985",,,,,,image,991011588844604641,grinnell_26770_OBJ.tif,grinnell:26770,,,,,Students | Classroom,,"Possibly a student and professor, 1985.",Office of Communications,,,,1985,,,,,photograph, 1 photograph,,,,,,,,,,,,,,,,,,,,,,,,,
grinnell:26745,"Students, 1985",,,,,,image,991011588247104641,grinnell_26745_OBJ.tif,grinnell:26745,,J. Schneidman,,,Students,,"Students dressed up, April 1985. Photograph taken by J. Schneidman, class of 1987.",Office of Communications,,,,1985,,,,,photograph, 1 photograph,,,,,,,,,,,,,,,,,,,,,,,,,
grinnell:29480,"Commencement, 1985, Photograph 1",,,,,,image,991011588482104641,grinnell_29480_OBJ.tif,grinnell:29480,,,,,Commencement | Graduation | Students,,"Two students hug and pose for a photo at the 1985 Commencement. Irwan Macageansar (Left), Liz Voight (Right).",Office of Communications,,,,1985,,,,,photograph, 1 photograph,,,,,,,,,,,,,,,,,,,,,,,,,
grinnell:29500,"Commencement, 1985, Photograph 3",,,,,,image,991011588500104641,grinnell_29500_OBJ.tif,grinnell:29500,,,,,Commencement,,"Sanjay Khanna, class of 1985, poses with Karen Stein, class of 1984, at the 1985 Commencement.",Office of Communications,,,,1985,,,,,photograph, 1 photograph,,,,,,,,,,,,,,,,,,,,,,,,,
grinnell:20079,"Minorities Symposium, 1985",,,,,,image,991011588268004641,grinnell_20079_OBJ.tif,grinnell:20079,,,,,Students | Minorities | Symposium,,Minorities Symposium Fall 1985.,Office of Communications,,,,1985,,,,,photograph, 1 photograph,,,,,,,,,,,,,,,,,,,,,,,,,
grinnell:20066,"Computing Class, 1985",,,,,,image,991011588271404641,grinnell_20066_OBJ.tif,grinnell:20066,,,,,Students | Class | Computers,,Susan Frager (right) and Emily Moore (second from left) with unknown students in the Computer Center. ,Office of Communications,,,,1985,,,,,photograph, 1 photograph,,,,,,,,,,,,,,,,,,,,,,,,,
grinnell:5867,"Weight Room, 1985",,,,,,image,991011589503604641,grinnell_5867_OBJ.tif,grinnell:5867,,,,,Weight Room | Physical Education Complex,,Dave Hennigan lifts weights in the weight Room in the Physical Education Complex (PCE).,Office of Communications,,,,1985,,,,,photograph, 1 photograph,,,,,,,,,,,,,,,,,,,,,,,,,
grinnell:20088,"Forum, 1985",,,,,,image,991011588265504641,grinnell_20088_OBJ.tif,grinnell:20088,,,,,Students | Forum,,Robert Okai Kofi Quashie and an unknown student enjoy a nice day outside in front of the Forum. ,Office of Communications,,,,1985,,,,,photograph, 1 photograph,,,,,,,,,,,,,,,,,,,,,,,,,
grinnell:34069,"Waltz, 1986, Photograph 1",,,,,,image,991011588252504641,grinnell_34069_OBJ.tif,grinnell:34069,,,,,Students | Student Life | Waltz,,Unidentified students dancing during 1986 Waltz.,Office of Communications,,,,1986,,,,,photograph, 1 photograph,,,,,,,,,,,,,,,,,,,,,,,,,
grinnell:34073,"Waltz, 1986, Photograph 5",,,,,,image,991011588496704641,grinnell_34073_OBJ.tif,grinnell:34073,,,,,Students | Student Life | Waltz,,"Students dancing during Waltz, 1986.",Office of Communications,,,,1986,,,,,photograph, 1 photograph,,,,,,,,,,,,,,,,,,,,,,,,,
grinnell:34074,"Waltz, 1986, Photograph 6",,,,,,image,991011588496604641,grinnell_34074_OBJ.tif,grinnell:34074,,,,,Students | Student Life | Waltz,,"Students dancing during Waltz, 1986.",Office of Communications,,,,1986,,,,,photograph, 1 photograph,,,,,,,,,,,,,,,,,,,,,,,,,
grinnell:34075,"Waltz, 1986, Photograph 7",,,dg_1744143607,dg_1744143607,dg_1744143607,image,991011588496504641,grinnell_34075_OBJ.tif,grinnell:34075,,,,,Students | Student Life | Waltz,,"Students dancing during Waltz, 1986.",Office of Communications,,,,1986,,,,,photograph, 1 photograph,,,,,,,,,,,,,,,,,,,,,,,,,
grinnell:34076,"Waltz, 1986, Photograph 8",,,,,,image,991011588496404641,grinnell_34076_OBJ.tif,grinnell:34076,,,,,Students | Student Life | Waltz,,"Students dancing during Waltz, 1986. John Master (Right).",Office of Communications,,,,1986,,,,,photograph, 1 photograph,,,,,,,,,,,,,,,,,,,,,,,,,
grinnell:34077,"Waltz, 1986, Photograph 9",,,,,,image,991011588496304641,grinnell_34077_OBJ.tif,grinnell:34077,,,,,Students | Student Life | Waltz,,"Students dancing during Waltz, 1986. Back Left: Michelle Thompson.",Office of Communications,,,,1986,,,,,photograph, 1 photograph,,,,,,,,,,,,,,,,,,,,,,,,,
grinnell:34078,"Waltz, 1986, Photograph 10",,,,,,image,991011588496204641,grinnell_34078_OBJ.tif,grinnell:34078,,,,,Students | Student Life | Waltz,,"Students dancing during Waltz, 1986. Brad Sheridan and Erica Smith (Right), Jenny Hugent (Left).",Office of Communications,,,,1986,,,,,photograph, 1 photograph,,,,,,,,,,,,,,,,,,,,,,,,,
grinnell:26753,"Student in Language Lab, 1986, Photograph 1",,,,,,image,991011588246304641,grinnell_26753_OBJ.tif,grinnell:26753,,Sarah Knoepfler,,,Students,,"A student uses a cassette tape player in the language lab, February 1986. Photograph taken by Sarah Knoepfler.",Office of Communications,,,,1986,,,,,photograph, 1 photograph,,,,,,,,,,,,,,,,,,,,,,,,,
grinnell:17774,"Protest of Libya Bombing, 1986",,,,,,image,991011588281404641,grinnell-17774.tif,grinnell:17774,,Sarah Knoepfler,,,Activism | Protest | Student Protest | Students | Student Activism |Protests,,Students protest the bombing of Libya in April of 1986. Alison Hayes (Left).,Office of Communications,,,,April 1986,,,,,photograph, 1 photograph,,,,,,,,,,,,,,,,,,,,,,,,,
grinnell:20068,"Students Working in a Computing Class, 1986",,,,,,image,991011588270904641,grinnell_20068_OBJ.tif,grinnell:20068,,,,,Students | Class | Computers,,Brenda Horrigan (front); Karen Stumbo (standing); and unknown students does work in a computing class.,Office of Communications,,,,1986,,,,,photograph, 1 photograph,,,,,,,,,,,,,,,,,,,,,,,,,
grinnell:20069,"Students in Computing Class, 1986",,,,,,image,991011588270604641,grinnell_20069_OBJ.tif,grinnell:20069,,,,,Students | Class | Computers,,Two students work together in a computing class.,Office of Communications,,,,1986,,,,,photograph, 1 photograph,,,,,,,,,,,,,,,,,,,,,,,,,
grinnell:35257,"Photo by Jack Robertson, 1986, Photograph 2",,,,,,image,991011589640004641,grinnell_35257_OBJ.tif,grinnell:35257,,Jack Robertson,,,Students,,Photograph by Jack Robertson.,Office of Communications,,,,1986,,,,,photograph, 1 photograph,,,,,,,,,,,,,,,,,,,,,,,,,
grinnell:35258,"Photo by Jack Robertson, 1986, Photograph 3",,,,,,image,991011589639504641,grinnell_35258_OBJ.tif,grinnell:35258,,Jack Robertson,,,Students,,Photograph by Jack Robertson.,Office of Communications,,,,1986,,,,,photograph, 1 photograph,,,,,,,,,,,,,,,,,,,,,,,,,
grinnell:35262,"Photo by Jack Robertson, 1986, Photograph 4",,,,,,image,991011589637604641,grinnell_35262_OBJ.tif,grinnell:35262,,Jack Robertson,,,Students,,Photograph by Jack Robertson.,Office of Communications,,,,1986,,,,,photograph, 1 photograph,,,,,,,,,,,,,,,,,,,,,,,,,
grinnell:35263,"Photo by Jack Robertson, 1986, Photograph 5",,,,,,image,991011589637104641,grinnell_35263_OBJ.tif,grinnell:35263,,Jack Robertson,,,Students,,"Portrait of Andrew Hamilton, Photograph by Jack Robertson.",Office of Communications,,,,1986,,,,,photograph, 1 photograph,,,,,,,,,,,,,,,,,,,,,,,,,
grinnell:35264,"Photo by Jack Robertson, 1986, Photograph 6",,,,,,image,991011589636704641,grinnell_35264_OBJ.tif,grinnell:35264,,Jack Robertson,,,Students,,Photograph by Jack Robertson.,Office of Communications,,,,1986,,,,,photograph, 1 photograph,,,,,,,,,,,,,,,,,,,,,,,,,
grinnell:35266,"Photo by Jack Robertson, 1986, Photograph 8",,,,,,image,991011589635504641,grinnell_35266_OBJ.tif,grinnell:35266,,Jack Robertson,,,Students,,Photograph by Jack Robertson.,Office of Communications,,,,1986,,,,,photograph, 1 photograph,,,,,,,,,,,,,,,,,,,,,,,,,
grinnell:35305,"Photo by Jack Robertson, 1986, Photograph 10",,,,,,image,991011589641104641,grinnell_35305_OBJ.tif,grinnell:35305,,Jack Robertson,,,Students,,Photograph by Jack Robertson.,Office of Communications,,,,1986,,,,,photograph, 1 photograph,,,,,,,,,,,,,,,,,,,,,,,,,
grinnell:35306,"Photo by Jack Robertson, 1986, Photograph 11",,,,,,image,991011589640604641,grinnell_35306_OBJ.tif,grinnell:35306,,Jack Robertson,,,Students,,"Portrait of Greg Evans, Photograph by Jack Robertson.",Office of Communications,,,,1986,,,,,photograph, 1 photograph,,,,,,,,,,,,,,,,,,,,,,,,,
grinnell:35311,"Photo by Jack Robertson, 1986, Photograph 12",,,,,,image,991011589637204641,grinnell_35311_OBJ.tif,grinnell:35311,,Jack Robertson,,,Students,,Photograph by Jack Robertson.,Office of Communications,,,,1986,,,,,photograph, 1 photograph,,,,,,,,,,,,,,,,,,,,,,,,,
grinnell:35314,"Photo by Jack Robertson, 1986, Photograph 13",,,,,,image,991011589635304641,grinnell_35314_OBJ.tif,grinnell:35314,,Jack Robertson,,,Students,,Photograph by Jack Robertson.,Office of Communications,,,,1986,,,,,photograph, 1 photograph,,,,,,,,,,,,,,,,,,,,,,,,,
grinnell:35315,"Photo by Jack Robertson, 1986, Photograph 14",,,,,,image,991011589634804641,grinnell_35315_OBJ.tif,grinnell:35315,,Jack Robertson,,,Students,,Photograph by Jack Robertson.,Office of Communications,,,,1986,,,,,photograph, 1 photograph,,,,,,,,,,,,,,,,,,,,,,,,,
grinnell:35316,"Photo by Jack Robertson, 1986, Photograph 15",,,,,,image,991011589634204641,grinnell_35316_OBJ.tif,grinnell:35316,,Jack Robertson,,,Students,,"Portrait of Bernard Jackson, class of 1986 (Right); Rebekah Willet, class of 1989 (Left). Photograph by Jack Robertson.",Office of Communications,,,,1986,,,,,photograph, 1 photograph,,,,,,,,,,,,,,,,,,,,,,,,,
grinnell:35317,"Photo by Jack Robertson, 1986, Photograph 16",,,,,,image,991011589633604641,grinnell_35317_OBJ.tif,grinnell:35317,,Jack Robertson,,,Students,,Photograph by Jack Robertson,Office of Communications,,,,1986,,,,,photograph, 1 photograph,,,,,,,,,,,,,,,,,,,,,,,,,
grinnell:35320,"Photo by Jack Robertson, 1986, Photograph 17",,,,,,image,991011589631604641,grinnell_35320_OBJ.tif,grinnell:35320,,Jack Robertson,,,Students,,Photograph by Jack Robertson,Office of Communications,,,,1986,,,,,photograph, 1 photograph,,,,,,,,,,,,,,,,,,,,,,,,,
grinnell:35325,"Photo by Jack Robertson, 1986, Photograph 19",,,,,,image,991011589628504641,grinnell_35325_OBJ.tif,grinnell:35325,,Jack Robertson,,,Students,,"Portrait of Patty Fong, class of 1989. Photograph by Jack Robertson",Office of Communications,,,,1986,,,,,photograph, 1 photograph,,,,,,,,,,,,,,,,,,,,,,,,,
grinnell:35359,"Photo by Jack Robertson, 1986, Photograph 20",,,,,,image,991011589620904641,grinnell_35359_OBJ.tif,grinnell:35359,,Jack Robertson,,,Students,,Photograph by Jack Robertson.,Office of Communications,,,,1986,,,,,photograph, 1 photograph,,,,,,,,,,,,,,,,,,,,,,,,,
grinnell:35360,"Photo by Jack Robertson, 1986, Photograph 21",,,,,,image,991011589620804641,grinnell_35360_OBJ.tif,grinnell:35360,,Jack Robertson,,,Students,,Photograph by Jack Robertson.,Office of Communications,,,,1986,,,,,photograph, 1 photograph,,,,,,,,,,,,,,,,,,,,,,,,,
grinnell:35378,"Photo by Jack Robertson, 1986, Photograph 24",,,,,,image,991011589543804641,grinnell_35378_OBJ.tif,grinnell:35378,,Jack Robertson,,,Students,,Photograph by Jack Robertson.,Office of Communications,,,,1986,,,,,photograph, 1 photograph,,,,,,,,,,,,,,,,,,,,,,,,,
grinnell:35379,"Photo by Jack Robertson, 1986, Photograph 25",,,,,,image,991011589543504641,grinnell_35379_OBJ.tif,grinnell:35379,,Jack Robertson,,,Students,,Photograph by Jack Robertson.,Office of Communications,,,,1986,,,,,photograph, 1 photograph,,,,,,,,,,,,,,,,,,,,,,,,,
grinnell:35380,"Photo by Jack Robertson, 1986, Photograph 26",,,,,,image,991011589543004641,grinnell_35380_OBJ.tif,grinnell:35380,,Jack Robertson,,,Students,,Photograph by Jack Robertson.,Office of Communications,,,,1986,,,,,photograph, 1 photograph,,,,,,,,,,,,,,,,,,,,,,,,,
grinnell:35381,"Photo by Jack Robertson, 1986, Photograph 27",,,,,,image,991011589542204641,grinnell_35381_OBJ.tif,grinnell:35381,,Jack Robertson,,,Students,,"Portrait of Linda Levinson, class of 1987. Photograph by Jack Robertson",Office of Communications,,,,1986,,,,,photograph, 1 photograph,,,,,,,,,,,,,,,,,,,,,,,,,
grinnell:35385,"Photo by Jack Robertson, 1986, Photograph 28",,,,,,image,991011589539604641,grinnell_35385_OBJ.tif,grinnell:35385,,Jack Robertson,,,Students,,Photograph by Jack Robertson.,Office of Communications,,,,1986,,,,,photograph, 1 photograph,,,,,,,,,,,,,,,,,,,,,,,,,
grinnell:34081,"Grinnell Relays, 1987, Photograph 1",,,,,,image,991011588495904641,grinnell_34081_OBJ.tif,grinnell:34081,,,,,Students | Student Life | Relays | South Campus,,"Students in front of South Campus on Relays day in 1987. Left to right: Unknown; Ken Jacobson, class of 1988; Gordon Schreiber, class of 1988; Rob Click, class of 1988",Office of Communications,,,,1987,,,,,photograph, 1 photograph,,,,,,,,,,,,,,,,,,,,,,,,,
grinnell:34085,"Grinnell Relays, 1987, Photograph 5",,,,,,image,991011588495504641,grinnell_34085_OBJ.tif,grinnell:34085,,,,,Students | Student Life | Relays,,"Students competing in Relays, 1987.",Office of Communications,,,,1987,,,,,photograph, 1 photograph,,,,,,,,,,,,,,,,,,,,,,,,,
grinnell:34091,"Grinnell Relays, 1987, Photograph 10",,,,,,image,991011588494904641,grinnell_34091_OBJ.tif,grinnell:34091,,,,,Students | Student Life | Relays,,"Students competing in Relays, 1987.",Office of Communications,,,,1987,,,,,photograph, 1 photograph,,,,,,,,,,,,,,,,,,,,,,,,,
grinnell:34092,"Grinnell Relays, 1987, Photograph 11",,,,,,image,991011588494804641,grinnell_34092_OBJ.tif,grinnell:34092,,,,,Students | Student Life | Relays,,"Students competing in Relays, 1987.",Office of Communications,,,,1987,,,,,photograph, 1 photograph,,,,,,,,,,,,,,,,,,,,,,,,,
grinnell:34088,"On Campus, 1987",,,,,,image,991011588495204641,grinnell_34088_OBJ.tif,grinnell:34088,,,,,Students | Student Life | Nollen House | Campus,,"Two unidentified students speak with a professor in front of Nollen House, 1987.",Office of Communications,,,,1987,,,,,photograph, 1 photograph,,,,,,,,,,,,,,,,,,,,,,,,,
grinnell:29496,"Commencement, 1987, Photograph 2",,,,,,image,991011588500504641,grinnell_29496_OBJ.tif,grinnell:29496,,,,,Commencement,,A student and another individual pose for photo at the 1987 Commencement. The student has several flower and leaf necklaces around their neck over their graduation robes.,Office of Communications,,,,1987,,,,,photograph, 1 photograph,,,,,,,,,,,,,,,,,,,,,,,,,
grinnell:19984,"New Student Days, Undated, Photograph 2",,,,,,image,991011588275604641,grinnell_19984_OBJ.jpg,grinnell:19984,,,,,Students | New Student Days,,Students standing in a kiddie pool during New Student Days activities. Undated.,Office of Communications,,,,1987-1991,,,,,photograph, 1 photograph,,,,,,,,,,,,,,,,,,,,,,,,,
grinnell:19985,"New Student Days, Undated, Photograph 3",,,,,,image,991011588275404641,grinnell_19985_OBJ.jpg,grinnell:19985,,,,,Students | New Student Days,,Students hold balloons during New Student Days activities. Undated.,Office of Communications,,,,1987-1991,,,,,photograph, 1 photograph,,,,,,,,,,,,,,,,,,,,,,,,,
grinnell:20116,"Conard Environmental Research Area, 1987",,,,,,image,991011588271804641,grinnell_20116_OBJ.tif,grinnell:20116,,,,,Students | CERA,,Students look at a mouse held by professor Karl DeLong at the Conard Environmental Research Area (CERA). Student on the far left is Adedunla Akerele-Ale (class of 1990).,Office of Communications,,,,1987,,,,,photograph, 1 photograph,,,,,,,,,,,,,,,,,,,,,,,,,
grinnell:34093,"Skip Day, 1988, Photograph 1",,,,,,image,991011588494704641,grinnell_34093_OBJ.tif,grinnell:34093,,,,,Students | Student Life | Skip Day,,Students blowing bubbles during Skip Day in 1988.,Office of Communications,,,,1988,,,,,photograph, 1 photograph,,,,,,,,,,,,,,,,,,,,,,,,,
grinnell:34094,"Skip Day, 1988, Photograph 2",,,,,,image,991011588494604641,grinnell_34094_OBJ.tif,grinnell:34094,,,,,Students | Student Life | Skip Day,,Students doing body painting during Skip Day in 1988.,Office of Communications,,,,1988,,,,,photograph, 1 photograph,,,,,,,,,,,,,,,,,,,,,,,,,
grinnell:34095,"Skip Day, 1988, Photograph 3",,,,,,image,991011588494504641,grinnell_34095_OBJ.tif,grinnell:34095,,,,,Students | Student Life | Skip Day,,Students hanging out outside during Skip Day in 1988.,Office of Communications,,,,1988,,,,,photograph, 1 photograph,,,,,,,,,,,,,,,,,,,,,,,,,
grinnell:34103,"Skip Day, 1988, Photograph 11",,,,,,image,991011588493704641,grinnell_34103_OBJ.tif,grinnell:34103,,,,,Students | Student Life | Skip Day,,"Students on Skip Day in 1988. From left to right: Shannon McDonald Nelson, class of 1988; Unidentified (red hat); Serge Strassberg; Chris Hollins, class of 1989; Jen Tabin; Unidentified.",Office of Communications,,,,1988,,,,,photograph, 1 photograph,,,,,,,,,,,,,,,,,,,,,,,,,
grinnell:34104,"Skip Day, 1988, Photograph 12",,,,,,image,991011588493604641,grinnell_34104_OBJ.tif,grinnell:34104,,,,,Students | Student Life | Skip Day,,"Students on Skip Day in 1988. Denise Lisio, left. Possibly Dave Kailor, center in white shirt.",Office of Communications,,,,1988,,,,,photograph, 1 photograph,,,,,,,,,,,,,,,,,,,,,,,,,
grinnell:29493,"Commencement, 1988, Photograph 2",,,,,,image,991011588500804641,grinnell_29493_OBJ.tif,grinnell:29493,,,,,commencement,,A student with his graduation tassel attached their glasses watches the 1988 Commencement ceremony.,Office of Communications,,,,1988,,,,,photograph, 1 photograph,,,,,,,,,,,,,,,,,,,,,,,,,
grinnell:19973,"Students studying, 1988",,,,,,image,991011588277704641,grinnell_19973_OBJ.jpg,grinnell:19973,,,,,Students | studying,,Students studying.,Office of Communications,,,,1988,,,,,photograph, 1 photograph,,,,,,,,,,,,,,,,,,,,,,,,,
grinnell:19986,"New Student Days, 1988, Photograph 1",,,,,,image,991011588275204641,grinnell_19986_OBJ.jpg,grinnell:19986,,,,,Students | New Student Days,,Students scooping ice cream during New Student Days.,Office of Communications,,,,1988,,,,,photograph, 1 photograph,,,,,,,,,,,,,,,,,,,,,,,,,
grinnell:19987,"New Student Days, 1988, Photograph 2",,,,,,image,991011588275104641,grinnell_19987_OBJ.jpg,grinnell:19987,,,,,Students | New Student Days,,Students outdoors around a kiddie pool during New Student Days.,Office of Communications,,,,1988,,,,,photograph, 1 photograph,,,,,,,,,,,,,,,,,,,,,,,,,
grinnell:19988,"New Student Days, 1988, Photograph 3",,,,,,image,991011588274904641,grinnell_19988_OBJ.jpg,grinnell:19988,,,,,Students | New Student Days,,BBQ during New Student Days.,Office of Communications,,,,1988,,,,,photograph, 1 photograph,,,,,,,,,,,,,,,,,,,,,,,,,
grinnell:19974,"Biking, 1988",,,,,,image,991011588277504641,grinnell_19974_OBJ.jpg,grinnell:19974,,,,,Students | Biking | Rollerblading,,Students biking or rollerblading.,Office of Communications,,,,1988,,,,,photograph, 1 photograph,,,,,,,,,,,,,,,,,,,,,,,,,
grinnell:19975,Juggling 1988,,,,,,image,991011588277404641,grinnell_19975_OBJ.jpg,grinnell:19975,,,,,Students | Juggling,,Students juggling.,Office of Communications,,,,1988,,,,,photograph, 1 photograph,,,,,,,,,,,,,,,,,,,,,,,,,
grinnell:34404,"Students Life at the Forum, 1988, Photograph 1",,,,,,image,991011589628204641,grinnell_34404_OBJ.tiff,grinnell:34404,,,,,Student Life | Campus | Forum,,"Four students sitting in front of the Forum. Second to right is Natalie Baggs, class of 1999 (?).",Office of Communications,,,,1988,,,,,photograph, 1 photograph,,,,,,,,,,,,,,,,,,,,,,,,,
grinnell:34424,"Students Life at the Forum, 1988, Photograph 2",,,,,,image,991011589542004641,grinnell_34424_OBJ.tiff,grinnell:34424,,,,,Student Life | Campus | Forum,,Two students sitting in front of the Forum.,Office of Communications,,,,1988,,,,,photograph, 1 photograph,,,,,,,,,,,,,,,,,,,,,,,,,
grinnell:20117,"Art Class, 1988, Photograph 2",,,,,,image,991011588271504641,grinnell_20117_OBJ.tiff,grinnell:20117,,,,,Students | Art | Classroom,,"On far left is Kiri Nomtvedt, person on the right is Thom Barthelamos, on the far right is Shelley Reid.",Office of Communications,,,,1988,,,,,photograph, 1 photograph,,,,,,,,,,,,,,,,,,,,,,,,,
grinnell:34420,"Student During Relays, 1988",,,,,,image,991011589543404641,grinnell_34420_OBJ.tiff,grinnell:34420,,,,,Student Life | Campus | Relays | Campus Activities | Competition | Social Life,,Student wearing sunglasses during Relays with a drink in their hand.,Office of Communications,,,,1988,,,,,photograph, 1 photograph,,,,,,,,,,,,,,,,,,,,,,,,,
grinnell:34399,"Student Life and Athletics, 1988",,,,,,image,991011589629604641,grinnell_34399_OBJ.tiff,grinnell:34399,,,,,Student Life | Campus | Athletics | Frisbee,,Two students playing frisbee on campus. Right: Zabrae Valentine.,Office of Communications,,,,1988,,,,,photograph, 1 photograph,,,,,,,,,,,,,,,,,,,,,,,,,
grinnell:20114,"Religious Studies, 1988",,,,,,image,991011588272204641,grinnell_20114_OBJ.tiff,grinnell:20114,,,,,Students | Academics,,Group of students study together laying down on the floor.,Office of Communications,,,,1988,,,,,photograph, 1 photograph,,,,,,,,,,,,,,,,,,,,,,,,,
grinnell:34402,"Student Life, 1988, Photograph 3",,,,,,image,991011589628704641,grinnell_34402_OBJ.tiff,grinnell:34402,,,,,Student Life | Campus | Multicultural,,Two students on campus looking through their notes.,Office of Communications,,,,1988,,,,,photograph, 1 photograph,,,,,,,,,,,,,,,,,,,,,,,,,
grinnell:34067,"Student Life, 1980s, Photograph 4",,,,,,image,991011588252704641,grinnell_34067_OBJ.tiff,grinnell:34067,,,,,Student Life | Students | Campus,,"Students talking on campus, 1988.",Office of Communications,,,,1988,,,,,photograph, 1 photograph,,,,,,,,,,,,,,,,,,,,,,,,,
grinnell:34405,"Student Life, 1988, Photograph 4",,,,,,image,991011589627704641,grinnell_34405_OBJ.tiff,grinnell:34405,,,,,Student Life | Campus | Multicultural,,Three students on campus reading campus memoes. Left: Adrienne Enriquez.,Office of Communications,,,,1988,,,,,photograph, 1 photograph,,,,,,,,,,,,,,,,,,,,,,,,,
grinnell:34406,"Student Life on Campus, 1988, Photograph 4",,,,,,image,991011589627304641,grinnell_34406_OBJ.tiff,grinnell:34406,,,,,Student Life | Campus | Mac Field,,Three students laying on the grass on Mac Field in front of North Campus dorms. Right: Brenn Sarata,Office of Communications,,,,1988,,,,,photograph, 1 photograph,,,,,,,,,,,,,,,,,,,,,,,,,
grinnell:34419,"Student Life in Dorms, 1988, Photograph 4",,,,,,image,991011589543704641,grinnell_34419_OBJ.tiff,grinnell:34419,,,,,Student Life | Campus | South Campus | Students | Dorms,,"Students sitting in a lounge watching television. Front row, left to right are Katie Dean and Rupin Thakkar. Second ffrom the left in the middle row is Josh Tubbiessen.",Office of Communications,,,,1988,,,,,photograph, 1 photograph,,,,,,,,,,,,,,,,,,,,,,,,,
grinnell:34407,"Student Life on Campus, 1988, Photograph 5",,,,,,image,991011589626904641,grinnell_34407_OBJ.tiff,grinnell:34407,,,,,Student Life | Campus | Goodnow Hall,,Two students walking in front of Goodnow Hall.,Office of Communications,,,,1988,,,,,photograph, 1 photograph,,,,,,,,,,,,,,,,,,,,,,,,,
grinnell:34408,"Student Life on Campus, 1988, Photograph 6",,,,,,image,991011589626404641,grinnell_34408_OBJ.tiff,grinnell:34408,,,,,Student Life | Campus | Carnegie Hall,,Two students reading Scarlet & Black on the stairs of Carnegie Hall.,Office of Communications,,,,1988,,,,,photograph, 1 photograph,,,,,,,,,,,,,,,,,,,,,,,,,
grinnell:34409,"Student Life on Campus, 1988, Photograph 7",,,,,,image,991011589625904641,grinnell_34409_OBJ.tiff,grinnell:34409,,,,,Student Life | Campus,,Five students walking on campus.,Office of Communications,,,,1988,,,,,photograph, 1 photograph,,,,,,,,,,,,,,,,,,,,,,,,,
grinnell:34410,"Student Life on Campus, 1988, Photograph 8",,,,,,image,991011589625504641,grinnell_34410_OBJ.tiff,grinnell:34410,,,,,Student Life | Campus | Mears Cottage,,Three students studying in front of Mears Cottage.,Office of Communications,,,,1988,,,,,photograph, 1 photograph,,,,,,,,,,,,,,,,,,,,,,,,,
grinnell:34411,"Student Life on Campus, 1988, Photograph 9",,,,,,image,991011589625104641,grinnell_34411_OBJ.tiff,grinnell:34411,,,,,Student Life | Campus,,Student laying on the grass reading.,Office of Communications,,,,1988,,,,,photograph, 1 photograph,,,,,,,,,,,,,,,,,,,,,,,,,
grinnell:34414,"Student Life on Campus, 1988, Photograph 12",,,,,,image,991011589623604641,grinnell_34414_OBJ.tiff,grinnell:34414,,,,,Student Life | Campus,,"Four students walking on campus. Second from the left:  Courtney Smith, far right: Natalie Baggs",Office of Communications,,,,1988,,,,,photograph, 1 photograph,,,,,,,,,,,,,,,,,,,,,,,,,
grinnell:34415,"Student Life on Campus, 1988, Photograph 13",,,,,,image,991011589623204641,grinnell_34415_OBJ.tiff,grinnell:34415,,,,,Student Life | Campus | South Campus,,"Three students sitting in front of South Campus On the left is Josh Toliessen, and on the right is Andy Hicken.",Office of Communications,,,,1988,,,,,photograph, 1 photograph,,,,,,,,,,,,,,,,,,,,,,,,,
grinnell:34416,"Student Life on Campus, 1988, Photograph 14",,,,,,image,991011589545404641,grinnell_34416_OBJ.tiff,grinnell:34416,,,,,Student Life | Campus | North Campus,,Two students posing in front of North Campus dormitories.,Office of Communications,,,,1988,,,,,photograph, 1 photograph,,,,,,,,,,,,,,,,,,,,,,,,,
grinnell:34423,"Student Life on Campus, 1988, Photograph 19",,,,,,image,991011589542504641,grinnell_34423_OBJ.tiff,grinnell:34423,,,,,Student Life | Campus | North Campus,,Two students walking in the North Campus loggia.,Office of Communications,,,,1988,,,,,photograph, 1 photograph,,,,,,,,,,,,,,,,,,,,,,,,,
grinnell:34425,"Student Life on Campus, 1988, Photograph 20",,,,,,image,991011589541704641,grinnell_34425_OBJ.tiff,grinnell:34425,,,,,Student Life | Campus,,Three students posing on campus.,Office of Communications,,,,1988,,,,,photograph, 1 photograph,,,,,,,,,,,,,,,,,,,,,,,,,
grinnell:29488,"Commencement, 1989",,,,,,image,991011588501304641,grinnell_29488_OBJ.tiff,grinnell:29488,,,,,commencement,,A student with a flower necklace around their neck walks down the center aisle at the 1989 Commencement ceremony.,Office of Communications,,,,1989,,,,,photograph, 1 photograph,,,,,,,,,,,,,,,,,,,,,,,,,
grinnell:19981,"Student Group Photo, 1989",,,,,,image,991011588276204641,grinnell_19981_OBJ.jpg,grinnell:19981,,,,,Students | Group Photos,,"Eleven students pose for a group photo. Top Row: Unknown, Pleshette Hamm, Chris Planter, Blakely Clepp, Sylvain Boko. Middle Row: Unknown, Sylvia Bachman, Jeff Fields. Bottom Row: Kevin Sterk, Gwenda McLamb, Unknown, Unknown.",Office of Communications,,,,1989,,,,,photograph, 1 photograph,,,,,,,,,,,,,,,,,,,,,,,,,
grinnell:19989,"New Student Days, 1989, Photograph 1",,,,,,image,991011588274704641,grinnell_19989_OBJ.jpg,grinnell:19989,,,,,Students | New Student Days,,Students holding New Student Days water bottles.,Office of Communications,,,,1989,,,,,photograph, 1 photograph,,,,,,,,,,,,,,,,,,,,,,,,,
grinnell:19990,"New Student Days, 1989, Photograph 2",,,,,,image,991011588274504641,grinnell_19990_OBJ.jpg,grinnell:19990,,,,,Students | New Student Days,,Students sharing food during New Student Days.,Office of Communications,,,,1989,,,,,photograph, 1 photograph,,,,,,,,,,,,,,,,,,,,,,,,,
grinnell:19992,"New Student Days, 1989, Photograph 4",,,,,,image,991011588274104641,grinnell_19992_OBJ.jpg,grinnell:19992,,,,,Students | New Student Days,,Students playing a teambuilding game during New Student Days.,Office of Communications,,,,1989,,,,,photograph, 1 photograph,,,,,,,,,,,,,,,,,,,,,,,,,
grinnell:34064,"Student Life, 1980s, Photograph 1",,,,,,image,991011588253004641,grinnell_34064_OBJ.tiff,grinnell:34064,,,,,Students | Student Life | North Campus | Loggia,,"Students on the North Campus loggia, spring 1989. ",Office of Communications,,,,1989,,,,,photograph, 1 photograph,,,,,,,,,,,,,,,,,,,,,,,,,
grinnell:20130,"Writing Center, 1990",,,,,,image,991011588267904641,grinnell_20130_OBJ.tiff,grinnell:20130,,,,,Students | Writing Center | Academics,,"Student receives help with writing at the Writing Center, 1990.",Office of Communications,,,,1990,,,,,photograph, 1 photograph,,,,,,,,,,,,,,,,,,,,,,,,,
grinnell:20133,"Student Concert, 1990, Photograph 1",,,,,,image,991011588267104641,grinnell_20133_OBJ.jpg,grinnell:20133,,,,,Students | Concert ,,"Students dance at a student concert, 1990.",Office of Communications,,,,1990,,,,,photograph, 1 photograph,,,,,,,,,,,,,,,,,,,,,,,,,
grinnell:29482,"Commencement, 1990, Photograph 1",,,,,,image,991011588501904641,grinnell_29482_OBJ.tiff,grinnell:29482,,Jack Robertson,,,Commencement,,"Two students shake hands at Commencement on May 21, 1990. Both students are wearing flower crowns and necklaces. Ken Ikeda (Left), Vincent Kiste (Right).",Office of Communications,,,,1990,,,,,photograph, 1 photograph,,,,,,,,,,,,,,,,,,,,,,,,,
grinnell:29489,"Commencement, 1990, Photograph 2",,,,,,image,991011588501204641,grinnell_29489_OBJ.tiff,grinnell:29489,,Jack Robertson,,,Commencement,,student Eva Gakanyo stands surrounded by their family at the 1990 Commencement ceremony.,Office of Communications,,,,1990,,,,,photograph, 1 photograph,,,,,,,,,,,,,,,,,,,,,,,,,
grinnell:29492,"Commencement, 1990, Photograph 3",,,,,,image,991011588500904641,grinnell_29492_OBJ.tiff,grinnell:29492,,Jack Robertson,,,Commencement,,"Sharon Hutchins, the winner of the Archibald Prize, poses for a photograph at the May 21, 1990 Commencement ceremony. ",Office of Communications,,,,1990,,,,,photograph, 1 photograph,,,,,,,,,,,,,,,,,,,,,,,,,
grinnell:20125,"Dance Performance, 1990",,,,,,image,991011588269104641,grinnell_20125_OBJ.tiff,grinnell:20125,,,,,Students | Dance | Performance,,"Two students face eac hother on a darkened stage during a dance performance, March 1990.",Office of Communications,,,,1990,,,,,photograph, 1 photograph,,,,,,,,,,,,,,,,,,,,,,,,,
grinnell:19936,"Grinnell College Bookstore, 1990s",,,,,,image,991011588282304641,grinnell_19936_OBJ.jpg,grinnell:19936,,,,,bookstore | Students,,Two women and a male student in the bookstore. Undated.,Office of Communications,,,,1990,,,,,photograph, 1 photograph,,,,,,,,,,,,,,,,,,,,,,,,,
grinnell:23467,"Student Plays the Bongos, 1990s",,,,,,image,991011588514704641,grinnell_23467_OBJ.tiff,grinnell:23467,,,,,Students | Music,,A student wearing a Grinnell College t-shirt plays the bongos.,Office of Communications,,,,1990,,,,,photograph, 1 photograph,,,,,,,,,,,,,,,,,,,,,,,,,
grinnell:34517,"Debate Union Participants, 1991",,,,,,image,991011589533504641,grinnell_34517_OBJ.tiff,grinnell:34517,,,,,Student Life | Clubs and Organizations | Debate,,"Debate Union Participants, debate /""The American Dream Is A Nightmare./"" Identified students: center right Amy Downs '92 and right David Karol '91.",Office of Communications,,,,1991,,,,,photograph, 1 photograph,,,,,,,,,,,,,,,,,,,,,,,,,
grinnell:35200,"A.S.I.A. Food Bazaar, 1996",,,,,,image,991011589622004641,grinnell_35200_OBJ.tiff,grinnell:35200,,,,,Students | Events | Asia,,A.S.I.A. Food Bazaar.,Office of Communications,,,,1996,,,,,photograph, 1 photograph,,,,,,,,,,,,,,,,,,,,,,,,,
grinnell:34121,"Black Cultural Cnter Campus Movie Night, 1996, Photograph 1",,,,,,image,991011588477004641,grinnell_34121_OBJ.tiff,grinnell:34121,,,,,Students | Student Life | Black Cultural Center,,At the BCC movie night campus event in Fall 1996.,Office of Communications,,,,1996,,,,,photograph, 1 photograph,,,,,,,,,,,,,,,,,,,,,,,,,
grinnell:19889,"Fencing, 1960s",,,,,,image,991011588544004641,grinnell19889.jpg,grinnell:19889,,,,,Students| Athletics | Fencing | Gym,,"Three students wearing full fencing gear standing outside of the Old Women's Gym, 1965 or 1966. Student on right is Bruce McConachie.",Office of Communications,,,,,,,,,photograph, 1 photograph,,,,,,,,,,,,,,,,,,,,,,,,,
grinnell:19996,"Cheerleaders, 1965",,,,,,image,991011588273304641,grinnell19996.jpg,grinnell:19996,,,,,Cheerleading | Athletics | Students,,"Group of six cheerleaders in formation. Julie Johnson Sellergren (Top left), Jody Burdette (bottom left) 1965. ",Office of Communications,,,,,,,,,photograph, 1 photograph,,,,,,,,,,,,,,,,,,,,,,,,,
grinnell:20072,"Scheaffer Art Gallery, 1965",,,,,,image,991011588269804641,grinnell20072.jpg,grinnell:20072,,,,,Students | Art Exhibit | Art | Scheaffer Art Gallery | Fine Art Building,,Two students sit facing eachother in the Scheaffer Art Gallery. Midge Dillow (Left) ,Office of Communications,,,,,,,,,photograph, 1 photograph,,,,,,,,,,,,,,,,,,,,,,,,,
grinnell:34476,"Registration in Darby Gym, 1963",,,,,,image,991011589529404641,grinnell34476.jpg,grinnell:34476,,,,,Students | Registration | Academics | New Students Day ,,Course registration in Darby Gym. Secpmd from the left is Judy Edquist Hath.,Office of Communications,,,,,,,,,photograph, 1 photograph,,,,,,,,,,,,,,,,,,,,,,,,,
grinnell:4950,"Grinnell College Health Center, 1963",,,,,,image,991011589642904641,grinnell4950.jpg,grinnell:4950,,,,,Students | Health Center ,,Photograph of head resident nurse and students in Grinnell College Health Center. Ralph Craft (far left).,Office of Communications,,,,,,,,,photograph, 1 photograph,,,,,,,,,,,,,,,,,,,,,,,,,
grinnell:19998,"Psychology Experiment, 1963",,,,,,image,991011588533504641,grinnell19998.jpg,grinnell:19998,,,,,Academics | Class | Psychology,,"Two students and a lab rat in the basement of Goodnow Hall. Don Boque (left), Barbara Breckenride Franklin (right).",Office of Communications,,,,,,,,,photograph, 1 photograph,,,,,,,,,,,,,,,,,,,,,,,,,
grinnell:19900,"New Student Days, 1963, Photograph 3",,,,,,image,991011588541804641,grinnell19900.jpg,grinnell:19900,,,,,Students | new student orientation,,"new student orientation, 1963. Dennis Spencer.",Office of Communications,,,,,,,,,photograph, 1 photograph,,,,,,,,,,,,,,,,,,,,,,,,,
grinnell:20103,"Forum, 1965",,,,,,image,991011588261404641,grinnell:20103.jpg,grinnell:20103,,,,,Forum | Students | Student life,,"Students talk on Forum staircase. Nan Rudolph (left), Larry Miller (Right).",Office of Communications,,,,,,,,,photograph, 1 photograph,,,,,,,,,,,,,,,,,,,,,,,,,
grinnell:19938,"Student Organization of Latinxs (SOL), Early Late 1990s/2000s, Photographs 2",,,,,,image,991011588281904641,SOL_Late1990s_Early2000s(3).jpg,grinnell:19938,,,,,SOL | Latinx | Students,,Ceremony/celebration for Student Organization of Latinas/Latinos. Russell K. Osgood and Marina Alvidrez '01.,Office of Communications,,,,,,,,,photograph, 1 photograph,,,,,,,,,,,,,,,,,,,,,,,,,
grinnell:19898,"New Student Days, Photograph 1",,,,,,image,991011588542504641,grinnell_10625_OBJ.jpg,grinnell:19898,,,,,new student orientation | student life | Mac field,,new student orientation 1963. Tom Hill (front left).,Office of Communications,,,,,,,,,photograph, 1 photograph,,,,,,,,,,,,,,,,,,,,,,,,,
grinnell:34143,CERA,,,,,,image,991011589531304641,CERA_1998.jpg,grinnell:34143,,,,,CERA | students | Conard Environmental Research Area,,Students at CERA in 1998. Cara Kitigawa (center),Office of Communications,,,,,,,,,photograph, 1 photograph,,,,,,,,,,,,,,,,,,,,,,,,,
grinnell:19947,"Swimming Award, 1998/1999",,,,,,image,991011588281004641,Swimming_Award_1998-1999.jpg,grinnell:19947,,,,,Swimming | Students | Award,,"Group of students by swimming pool with award. Back Row Left to Right: Unknown, Ian Besse, Jeremy Lundguts, Todd Kimball, Jake Pollack, Matez, unknown. Front Row Left to right: unknown, sarah davis, sarah urch, unknown, emily wergin",Office of Communications,,,,,,,,,photograph, 1 photograph,,,,,,,,,,,,,,,,,,,,,,,,,
grinnell:19957,"International Students, Early 2000s",,,,,,image,991011588279904641,International_Students_Early2000s.jpg,grinnell:19957,,,,,International students | Students,,A group of international students. Second from the left: Heather Rania Mohamed Robb '03.Second from right: Erika Almanza Brown. First on right: Jeremy K. Bourdon (?) '03.,Office of Communications,,,,,,,,,photograph, 1 photograph,,,,,,,,,,,,,,,,,,,,,,,,,
grinnell:19939,"Student Organization of Latinxs (SOL), Early Late 1990s/2000s, Photograph 3",,,,,,image,991011588281704641,SOL_Late1990s_Early2000s(1).jpg,grinnell:19939,,,,,SOL | Latinx | Students,,"Ceremony/celebration for Student Organization of Latinas/Latinos. Left to right: Marina Alvidrez '01, Siclinda Canty-Elliot, and Russell K. Osgood.",Office of Communications,,,,,,,,,photograph, 1 photograph,,,,,,,,,,,,,,,,,,,,,,,,,
grinnell:19937,"Student Organization of Latinxs (SOL), Early Late 1990s/2000s, Photograph 1",,,,,,image,991011588282204641,SOL_Late1990s_Early2000s.jpg,grinnell:19937,,,,,SOL | Latinx | Students,,"Student Organization of Latinas/Latinos in Burling Library. From left to right: Gamaliel Dominguez '02, Claudia Gonzales '02, Marina Alvidrez '01, Robert X. Barron '02, Erin Fisk.",Office of Communications,,,,,,,,,photograph, 1 photograph,,,,,,,,,,,,,,,,,,,,,,,,,
# grinnell:34393,"Commencement, 1998",,,,,,image,,NO IMAGE,grinnell:34393,,,,,Student Life | Campus,,"Two students posing in front of North Campus dorms. From left to right: Michael Gonzalez and Adrienne Enriquez, class of 1998.",Office of Communications,,,,,,,,,photograph, 1 photograph,,,,,,,,,,,,,,,,,,,,,,,,,
grinnell:34115,"Dagorhir, 1997, Photograph 1",,,,,,image,991011588492604641,Medieval_Warrior_Fight_Practice_1997(1).jpg,grinnell:34115,,,,,Students | Dag | Dagorhir,,"Students duelling in Dag. Jared Seaman (far left), Chris Ellmann (4th from left). 1997",Office of Communications,,,,,,,,,photograph, 1 photograph,,,,,,,,,,,,,,,,,,,,,,,,,
grinnell:34114,"Dagorhir, 1997, Photograph 2",,,,,,image,991011588492704641,Medieval_Warrior_Fight_Practice_1997(2).jpg,grinnell:34114,,,,,Students | Dag | Dagorhir,,"Students duelling in Dag. Left to right:Andrew Derksen, Jared Seaman, unkown, Ben Jenkins, unknown, unknown, unknown, Roy Huggins, unknown, Chris freeman, Elizabeth Twieg. 1997",Office of Communications,,,,,,,,,photograph, 1 photograph,,,,,,,,,,,,,,,,,,,,,,,,,
grinnell:34117,"Dagorhir, 1997, Photograph 3",,,,,,image,991011588492404641,Medieval_Warrior_Fight_Practice_1997(3).jpg,grinnell:34117,,,,,Students | Dag | Dagorhir,,"Students duelling in Dag. Left to Right: Chris Ellmann, unknown, unknown, unknown, sarah hodges, unknown, jared seaman. 1997.",Office of Communications,,,,,,,,,photograph, 1 photograph,,,,,,,,,,,,,,,,,,,,,,,,,
grinnell:23513,"Dagorhir, 1997, Photograph ????",,,,,,image,991011588522104641,Medieval_Warrior_Fight_Practice.jpg,grinnell:23513,,,,,Students | Dag | Dagorhir,,"Students duelling in Dag. Left to Right: mark houck, brian smith, elizabeth thrieg, ed teals, roy huggins, ben jenkins. 1997.",Office of Communications,,,,,,,,,photograph, 1 photograph,,,,,,,,,,,,,,,,,,,,,,,,,
grinnell:23512,"Dagorhir, 1997, Photograph ????",,,,,,image,991011588522704641,Medieval_Warrior_Fight_Practice(1),grinnell:23512,,,,,Students | Dag | Dagorhir,,"students duelling in Dag. Casey Baker (far left), Roy Huggins (far right), Ben jenkins, (3rd from right). 1997.",Office of Communications,,,,,,,,,photograph, 1 photograph,,,,,,,,,,,,,,,,,,,,,,,,,
grinnell:19954,"Dagorhir, 1998-1999",,,,,,image,991011589541304641,Dagorhir_1998-1999.jpg,grinnell:19954,,Rob Nalewajk,,,Students | Dag | Dagorhir,,"Students from the Dag (Dagorhir) Sword Fighting Club. Robert /""Rob/"" J. Nalewajk '02 (guy turning back on the left). Elizabeth Fry (left duelist).",Office of Communications,,,,,,,,,photograph, 1 photograph,,,,,,,,,,,,,,,,,,,,,,,,,
grinnell:34145,"Commencement, 1998, Photograph 1",,,,,,image,991011589530404641,Commencement_1998(2),grinnell:34145,,,,,Student | Commencement,,Khutso Madubanya during 1998 Commencement.,Office of Communications,,,,,,,,,photograph, 1 photograph,,,,,,,,,,,,,,,,,,,,,,,,,
grinnell:19958,"Poster Session, Early 2000s",,,,,,image,991011588279704641,Poster_Session_Early2000s.jpg,grinnell:19958,,,,,Students | poster session | Academics,,"Students at a poster session. Armistead Burke (Left), Rochelle Gander (Right). Circa 1998-2002.",Office of Communications,,,,,,,,,photograph, 1 photograph,,,,,,,,,,,,,,,,,,,,,,,,,
grinnell:19950,Class in Alumni Recitation Hall,,,,,,image,991011588280804641,Class_In_ARH_1998-1999.jpg,grinnell:19950,,,,,Students | Class,,"Three students at a table in Alumni Recitation Hall (ARH)/Carnegie classroom. Left to Right: Jamal Rogers, Toya Terry, Joseph R. Nelson '02. Photo likely taken in 1998 or 1999.",Office of Communications,,,,,,,,,photograph, 1 photograph,,,,,,,,,,,,,,,,,,,,,,,,,
grinnell:34137,Printmaking class [008],,,,,,image,991011589534204641,Printmaking_Class_1999.jpg,grinnell:34137,,,,,Students | Class,,"Students during a printmaking class. Undated, likely 1999. Harmony King (3rd from left)",Office of Communications,,,,,,,,,photograph, 1 photograph,,,,,,,,,,,,,,,,,,,,,,,,,
grinnell:34121,"Black Cultural Center Campus Movie Night, 1996 [001]",,,,,,image,991011588477004641,grinnell_34121_OBJ.jpg,grinnell:34121,,,,,Students | BCC | Black Cultural Center,,"At the BCC movie night campus event in Fall 1996. Left to Right:Jose Orozco, Frank Davis, Armistead Burke",Office of Communications,,,,,,,,,photograph, 1 photograph,,,,,,,,,,,,,,,,,,,,,,,,,
grinnell:19964,"Young, Gifted, and Black Gospel Choir, Early 2000s [002]",,,,,,image,991011588278704641,Young_Gifted_Black_Gospel_Choir_Early2000s(1).jpg,grinnell:19964,,,,,Students | YGB | Young gifted and black choir,,"Young, Gifted, and Black Gospel Choir in rehearsal. First row from front: Kristie D. Henderson '03 (first from left in suspenders); Tiffany C. Brunk '02 (striped shirt); Courtney M. Jenkins '02 (seccond from right, gold sweater). Second row from front: Heather Thiessen Emmons (?) (second from left). Back row: Marie L. Opsahl-Lister '03 (third from left).",Office of Communications,,,,,,,,,photograph, 1 photograph,,,,,,,,,,,,,,,,,,,,,,,,,
grinnell:35200,"A.S.I.A. Food Bazaar, 1996",,,,,,image,991011589622004641,grinnell_35200_OBJ.jpg,grinnell:35200,,,,,A.S.I.A. | Students | Events,,"A.S.I.A. Food Bazaar. Left to Right: Raul Rojas, Jeremiah Garza, Angel Vargas. 1996.",Office of Communications,,,,,,,,,photograph, 1 photograph,,,,,,,,,,,,,,,,,,,,,,,,,
grinnell:23519,Students Lounge on the Grass Near the Commencement Stage,,,,,,image,991011588518804641,Students_Lounge_on_Grass_near_Commencement_Stage_1997.jpg,grinnell:23519,,,,,Students | Student Life,,"Various groups of students lounge on the grass near the commencement stage on a sunny spring day. Kim Sherman (2nd from left), Erin Hendel (far right) 1997.",Office of Communications,,,,,,,,,photograph, 1 photograph,,,,,,,,,,,,,,,,,,,,,,,,,
grinnell:19963,"Young, Gifted, and Black Gospel Choir, Early 2000s [001]",,,,,,image,991011588278904641,Young_Gifted_Black_Gospel_Choir_Early2000s.jpg,grinnell:19963,,,,,YGB | Students | Music | Young gifted and black choir,,"Young, Gifted, and Black Gospel Choir (YGB). First row from the back: Danielle Brinker '02 (second from left); Moser Mason (fourth from right); Jessica Leigh Kroeger '00 (second from right). Second row from the back: Jennifer L. Thornton '02 (first from left); Heather Thiessen Emmons '02(second from left). First row from the front: Courtney M. Jenkins '02 Second row from front, second from right: Akiko Kobayashi '02.",Office of Communications,,,,,,,,,photograph, 1 photograph,,,,,,,,,,,,,,,,,,,,,,,,,
grinnell:5171,College Forum Grill,,,,,,image,991011532695604641,grinnell_5171_OBJ.jpg,grinnell:5171,,,,,Students | Forum,,"Jon Frey, class of 1974 (left); and Joan Neuberger, class of 1975 (right) sit in a window of the Forum grill, 1974. ",Office of Communications,,,,1974,,,,,photograph, 1 photograph,,,,,,,,,,,,,,,,,,,,,,,,,
